#guideId	targetSeq	mitSpecScore	offtargetCount	targetGenomeGeneLocus	Doench '16-Score	Moreno-Mateos-Score	Out-of-Frame-Score	Lindel-Score
215rev	GCTTCGTGGCAATGCGCCACCGG	99	17	exon:EMX1	49	84	51	71
202rev	GCGCCACCGGTTGATGTGATGGG	96	17	exon:EMX1	60	71	67	89
238forw	GTGGCGCATTGCCACGAAGCAGG	96	34	exon:EMX1	52	52	53	80
219forw	GCTCCCATCACATCAACCGGTGG	94	50	exon:EMX1	66	43	50	79
203rev	TGCGCCACCGGTTGATGTGATGG	93	19	exon:EMX1	53	39	67	87
246forw	TTGCCACGAAGCAGGCCAATGGG	86	66	exon:EMX1	47	60	52	75
229rev	CTCCCCATTGGCCTGCTTCGTGG	84	116	exon:EMX1	51	37	62	84
247forw	TGCCACGAAGCAGGCCAATGGGG	80	111	exon:EMX1	63	65	43	77
216forw	AGGGCTCCCATCACATCAACCGG	79	107	exon:EMX1	48	56	54	63
250forw	CACGAAGCAGGCCAATGGGGAGG	79	141	exon:EMX1	61	61	43	73
174rev	TTCTTCTTCTGCTCGGACTCAGG	76	266	exon:EMX1	43	27	47	59
125rev	TGTACTTTGTCCTCCGGTTCTGG	74	85	exon:EMX1	27	31	47	60
245forw	ATTGCCACGAAGCAGGCCAATGG	73	110	exon:EMX1	48	63	51	78
107rev	TCTGGAACCACACCTTCACCTGG	70	202	exon:EMX1	44	7	56	52
131rev	GCCGTTTGTACTTTGTCCTCCGG	67	119	exon:EMX1	45	43	44	69
160forw	AAAGTACAAACGGCAGAAGCTGG	66	207	exon:EMX1	52	31	58	66
181rev	GGAGCCCTTCTTCTTCTGCTCGG	65	248	exon:EMX1	52	24	49	76
13rev	GGCTGAGCTGAGAGCCTGATGGG	64	272	intron:EMX1	48	73	68	78
196forw	TGAGTCCGAGCAGAAGAAGAAGG	64	221	exon:EMX1	54	43	49	52
34rev	CCACTGGGGCCTCAACACTCAGG	63	274	intron:EMX1	55	59	73	86
45forw	TCAGCTCAGCCTGAGTGTTGAGG	62	241	intron:EMX1	53	49	72	83
150forw	ACCGGAGGACAAAGTACAAACGG	62	152	exon:EMX1	43	41	54	69
163forw	GTACAAACGGCAGAAGCTGGAGG	62	170	exon:EMX1	66	44	50	73
54forw	CCTGAGTGTTGAGGCCCCAGTGG	60	236	intron:EMX1	66	79	59	62
69rev	GCACAGATGAGAAACTCAGGAGG	58	313	intron:EMX1	74	35	67	77
72rev	GGGGCACAGATGAGAAACTCAGG	56	309	intron:EMX1	56	62	69	72
3rev	AGAGCCTGATGGGAAGACTGAGG	49	407	intron:EMX1	71	55	61	72
64forw	GAGGCCCCAGTGGCTGCTCTGGG	49	405	intron:EMX1	32	53	66	78
97rev	CACCTTCACCTGGGCCAGGGAGG	48	357	exon:EMX1	55	60	74	70
197forw	GAGTCCGAGCAGAAGAAGAAGGG	47	325	exon:EMX1	52	58	64	66
115forw	TCCCTCCCTGGCCCAGGTGAAGG	46	477	exon:EMX1	38	66	56	59
63forw	TGAGGCCCCAGTGGCTGCTCTGG	45	415	intron:EMX1	28	45	64	63
120forw	CCCTGGCCCAGGTGAAGGTGTGG	44	456	exon:EMX1	50	59	70	69
106rev	CTGGAACCACACCTTCACCTGGG	43	213	exon:EMX1	71	41	56	62
96rev	ACCTTCACCTGGGCCAGGGAGGG	41	466	exon:EMX1	57	54	76	73
101rev	ACCACACCTTCACCTGGGCCAGG	41	250	exon:EMX1	46	37	67	73
100rev	CCACACCTTCACCTGGGCCAGGG	39	286	exon:EMX1	62	40	69	58
65forw	AGGCCCCAGTGGCTGCTCTGGGG	37	485	intron:EMX1	52	59	70	86
66forw	GGCCCCAGTGGCTGCTCTGGGGG	37	488	intron:EMX1	47	59	67	70
14rev	AGGCTGAGCTGAGAGCCTGATGG	34	421	intron:EMX1	54	41	67	86
93rev	TTCACCTGGGCCAGGGAGGGAGG	33	791	exon:EMX1	25	63	72	78
103forw	CATCTGTGCCCCTCCCTCCCTGG	33	642	intron:EMX1	37	27	69	87
166forw	CAAACGGCAGAAGCTGGAGGAGG	33	489	exon:EMX1	56	59	46	66
49rev	AGGCCCCCAGAGCAGCCACTGGG	31	388	intron:EMX1	48	52	62	70
48rev	GGCCCCCAGAGCAGCCACTGGGG	29	525	intron:EMX1	62	65	62	62
50rev	GAGGCCCCCAGAGCAGCCACTGG	29	450	intron:EMX1	42	62	59	72
132forw	TGAAGGTGTGGTTCCAGAACCGG	24	221	exon:EMX1	45	61	48	58
92rev	TCACCTGGGCCAGGGAGGGAGGG	23	924	exon:EMX1	47	50	70	79
135forw	AGGTGTGGTTCCAGAACCGGAGG	22	182	exon:EMX1	66	84	43	68
109forw	TGCCCCTCCCTCCCTGGCCCAGG	18	1315	exon:EMX1	35	29	56	52
170forw	CGGCAGAAGCTGGAGGAGGAAGG	13	1190	exon:EMX1	53	47	52	63
171forw	GGCAGAAGCTGGAGGAGGAAGGG	12	1923	exon:EMX1	52	48	49	67
91rev	CACCTGGGCCAGGGAGGGAGGGG	8	6013	exon:EMX1	35	85	70	78
